rs,rho
100000000000000.0,4.826998565485211e-14
116374007241686.72,4.4745480403128924e-14
135429095614881.55,4.147832217773898e-14
157604265538212.44,3.844972040036496e-14
183410399390646.5,3.5642256514890356e-14
213442031468877.53,3.303978380714534e-14
248391045158394.78,3.062733453946306e-14
289062612880330.5,2.839103386594573e-14
336393746046364.7,2.6318020033336102e-14
391474882384577.7,2.4396370408542296e-14
455575007975613.0,2.2615032907373013e-14
530170892772852.56,2.096376243010668e-14
616981113148794.6,1.9433061938312333e-14
718005645295617.6,1.801412783403507e-14
835571941652041.5,1.6698799327201605e-14
972388551887645.2,1.5479511500040712e-14
1131607523791061.0,1.434925179857509e-14
1316897021684081.0,1.3301519700952384e-14
1532525835380189.2,1.2330289330653038e-14
1783461726646054.0,1.1429974799550968e-14
2075485878919790.0,1.0595398081502334e-14
2415326087034302.0,9.821759231692588e-15
2810811755435647.0,9.104608780462207e-15
3271054275820848.0,8.439822142838718e-15
3806656939823257.0,7.823575896594917e-15
4429959222816087.5,7.252325792400366e-15
5155321066763763.0,6.722786369594401e-15
5999453711567862.0,6.23191206034408e-15
6981804696761599.0,5.776879673510309e-15
8125005903409766.0,5.355072157480659e-15
