rs,rho
100000000000000.0,1.10561596853318e-14
119509578848544.08,1.011353413594189e-14
142825394365564.34,9.251274911899221e-15
170690027295058.16,8.462530144766782e-15
203990932756788.94,7.741032142388747e-15
243788704626856.22,7.081047583216264e-15
291350854179877.0,6.477331956963077e-15
348192178802006.75,5.925087889557506e-15
416123006469847.9,5.41992702122386e-15
497306852524017.1,4.95783513476056e-15
594329325036403.1,4.53514025690994e-15
710280473324400.0,4.1484834793399144e-15
848853202313439.4,3.794792267369102e-15
1014460887127171.2,3.4712560443354323e-15
1212377933788886.5,3.1753038575914387e-15
1448907762723785.0,2.9045839486511698e-15
1731583565135057.8,2.6569450651445544e-15
2069408226103512.5,2.4304193660762404e-15
2473141055673445.0,2.2232067845471424e-15
2955640459965771.5,2.0336607236783376e-15
3532273465982264.5,1.860274972071183e-15
4221405142974292.5,1.7016717348285663e-15
5044983507859357.0,1.5565906850267864e-15
6029238543221224.0,1.4238789486365067e-15
7205517590777809.0,1.3024819433088866e-15
8611283726596320.0,1.1914349982280522e-15
1.0291308915108474e+16,1.0898556884377757e-15
1.2299099942448858e+16,9.969368227277995e-16
1.4698602543382098e+16,9.119400293586198e-16
1.7566237996217408e+16,8.34189888654222e-16
