rs,rho
100000000000000.0,1.6021126453740387e-12
118850122427908.95,1.236498512214761e-12
141253516011289.47,9.543202690047834e-13
167879976713143.5,7.365372192823007e-13
199525557855516.1,5.684538964616551e-13
237136369786249.16,4.387284497548042e-13
281836865812056.0,3.3860732386982175e-13
334963460064610.06,2.6133459054766213e-13
398104482375550.56,2.0169607507653992e-13
473147664694335.06,1.5566751655809614e-13
562336578754009.4,1.2014302064216864e-13
668337712306054.8,9.272548138607692e-14
794320189307632.0,7.15648304189707e-14
944050517461718.8,5.5233198861182196e-14
1122005195784560.8,4.262856823077449e-14
1333504548837450.0,3.2900408936533956e-14
1584871788875044.2,2.539228862511336e-14
1883622061403380.8,1.95975777342112e-14
2238687126057020.2,1.5125263371045828e-14
2660682390096605.0,1.1673564720405924e-14
3162224278047629.0,9.009569614660099e-15
3758307425904682.5,6.9535181913638645e-15
4466752976904908.5,5.366673138187703e-15
5308741381603751.0,4.141958039013397e-15
6309445631417123.0,3.196732119732026e-15
7498783857461604.0,2.4672138512925575e-15
8912313795197390.0,1.9041771283982734e-15
1.0592295856751516e+16,1.4696296125346062e-15
1.2588956593675504e+16,1.1342491020545833e-15
1.4961990323979654e+16,8.754049418566231e-16
