rs,rho
100000000000000.0,1.405820610884564e-13
119189037388882.56,1.1794881825395903e-13
142060266336884.47,9.895945200826061e-14
169320263959015.38,8.302731037702894e-14
201811192717065.5,6.966019039664917e-14
240536817942493.06,5.844513213859276e-14
286693517871506.44,4.90356608451343e-14
341707244207372.56,4.1141083038655474e-14
407277575058845.56,3.451750592164186e-14
485430221213421.7,2.8960302623319536e-14
578579607859000.5,2.4297790516446297e-14
689603465135514.2,2.0385927304009493e-14
821931731895397.9,1.7103861018270965e-14
979652519239895.9,1.4350196455119907e-14
1167638407437969.5,1.2039862700039248e-14
1391696978008194.5,1.0101484971941114e-14
1658750231458135.5,8.475179591376863e-15
1977048433560813.5,7.110703951509042e-15
2356424996673115.0,5.965904337584907e-15
2808600270325694.0,5.005413642296419e-15
3347543626302748.0,4.199558744622685e-15
3989905024363138.0,3.5234437970336365e-15
4755529391269085.0,2.956181100395637e-15
5668069704199009.0,2.4802458054513803e-15
6755717718965682.0,2.080934505208721e-15
8052074917945372.0,1.7459109921486966e-15
9597190584530744.0,1.4648251470076455e-15
1.1438799074078666e+16,1.2289931851939581e-15
1.3633794505242776e+16,1.031129382464996e-15
1.6249988430377228e+16,8.651209918750256e-16
