rs,rho
100000000000000.0,6.2993209849716505e-15
120724792548194.4,5.733179043272766e-15
145744755358046.34,5.217918251925671e-15
175950053555874.9,4.748965744533393e-15
212415337143767.8,4.322159634146914e-15
256437975107361.44,3.9337120771092265e-15
309584213463153.75,3.580175656480387e-15
373744899465351.75,3.258412786701494e-15
451202754539005.5,2.9655678679680826e-15
544713589388953.2,2.6990419431871876e-15
657604350771639.9,2.456469632601933e-15
793891488256963.0,2.235698141381937e-15
958423852255995.6,2.034768153874676e-15
1157055207368464.0,1.8518964449571718e-15
1396852498763664.5,1.685460054166069e-15
1686347281336703.8,1.5339818821538867e-15
2035839257035860.2,1.3961175816419108e-15
2457762719671244.5,1.2706436265289124e-15
2967128944649983.0,1.1564464532706202e-15
3582060263066122.0,1.0525125781613231e-15
4324434821537900.5,9.57919602809799e-16
5220664967183511.0,8.718280279845158e-16
6302636951268582.0,7.934738031770789e-16
7608845384484840.0,7.221615457624188e-16
9185762805732226.0,6.57258369576668e-16
1.1089493091189432e+16,5.981882681422906e-16
1.3387767528984792e+16,5.444270026923299e-16
1.6162354576201554e+16,4.954974496257561e-16
1.9511969033022932e+16,4.509653661032282e-16
2.3555784137184868e+16,4.1043553620350945e-16
