rs,rho
100000000000000.0,1.5971899826021514e-11
118498691204606.33,1.137442549529533e-11
140419398172047.03,8.100323490461708e-12
166395149031260.62,5.768664156028448e-12
197176073829998.03,4.108167554571406e-12
233651066857176.9,2.9256410496346893e-12
276873456211354.34,2.0835020572087184e-12
328091421903413.7,1.4837708210769737e-12
388784040910129.94,1.0566708306632937e-12
460704000090885.2,7.525105821694422e-13
545928210434967.3,5.359021559453214e-13
646917784282168.0,3.8164396295781876e-13
766589107544207.5,2.7178863314185134e-13
908398059356958.0,1.9355490529082526e-13
1076439811266042.6,1.3784057460043647e-13
1275567087955595.0,9.816348481393554e-14
1511530304664095.8,6.990735332283765e-14
1791143628187952.2,4.978468376369543e-14
2122481756997423.5,3.545427797852943e-14
2515113103098480.0,2.5248846270577008e-14
2980376109487272.0,1.7981024416328207e-14
3531706682717182.0,1.2805228230858297e-14
4185026196205496.5,9.119272976208603e-15
4959201269073433.0,6.494311394950841e-15
5876588598054246.0,4.624938918335057e-15
6963680576173434.0,3.2936609745815824e-15
8251870342434908.0,2.3455883000909042e-15
9778358355686432.0,1.670416146647355e-15
1.1587226672784734e+16,1.1895907320445089e-15
1.3730711954160962e+16,8.471697981406979e-16
